title,company_name,location_str,salary_display,min_amount,max_amount,interval,currency,salary_source,apply_method,date_posted,job_url,job_url_direct,site,search_keyword,search_group,is_remote,company_industry,job_type
"Director, Information Security",,"Metro Vancouver Regional District, BC, CA","CAD $174,328/yr (est.)",174328.0,,yearly,CAD,desc_parse,Apply on Company Site,2026-04-21,https://ca.indeed.com/viewjob?jk=5a7fef73c9943b37,https://careers.fnha.ca/psc/careers/EMPLOYEE/FNHAEXTAPP/c/HRS_HRAM_FL.HRS_CG_SEARCH_FL.GBL?Page=HRS_APP_JBPST_FL&Action=U&FOCUS=Applicant&SiteId=2&JobOpeningId=507969&PostingSeq=1,indeed,Chief Information Officer CIO,c_suite,False,,fulltime
Project Manager,,"Burnaby, BC, CA","CAD $99,865 - $119,148/yr (est.)",99865.0,119148.0,yearly,CAD,desc_parse,Apply on Company Site,2026-04-22,https://ca.indeed.com/viewjob?jk=42559602bce6790e,https://tre.tbe.taleo.net/tre01/ats/careers/v2/viewRequisition?org=SIMOFRAS&cws=37&rid=7050,indeed,Portfolio Manager,trading_investment,False,Education And Schools,fulltime
"Manager, Administration",,"Burnaby, BC, CA","CAD $97,747 - $126,484/yr (est.)",97747.0,126484.0,yearly,CAD,desc_parse,Apply on Company Site,2026-04-21,https://ca.indeed.com/viewjob?jk=5bc5cae2dedf839a,https://tre.tbe.taleo.net/tre01/ats/careers/v2/viewRequisition?org=SIMOFRAS&cws=37&rid=7046,indeed,President,c_suite,False,Education And Schools,fulltime
Senior Treasury Analyst,,"Burnaby, BC, CA","CAD $80,000 - $100,000/yr (est.)",80000.0,100000.0,yearly,CAD,desc_parse,Apply on Company Site,2026-04-20,https://ca.indeed.com/viewjob?jk=2021b6567e95c82c,https://www.brainhunter.com/frontoffice/seekerViewJobDetailAction.do?sitecode=pl527&jobId=2447924&page=search,indeed,Financial Analyst,finance_analyst,True,Insurance,fulltime
Web & Data Services Developer,,"Burnaby, BC, CA","CAD $74,288 - $88,609/yr (est.)",74288.0,88609.0,yearly,CAD,desc_parse,Apply on Company Site,2026-04-22,https://ca.indeed.com/viewjob?jk=ee985134c6ff992c,https://tre.tbe.taleo.net/tre01/ats/careers/v2/viewRequisition?org=SIMOFRAS&cws=37&rid=7052,indeed,PhD Research,credentials,False,Education And Schools,"temporary, fulltime"
Financial Services Analyst,,"Burnaby, BC, CA","CAD $74,288 - $88,609/yr (est.)",74288.0,88609.0,yearly,CAD,desc_parse,Apply on Company Site,2026-04-21,https://ca.indeed.com/viewjob?jk=cf58c4c1d2b5f60b,https://tre.tbe.taleo.net/tre01/ats/careers/v2/viewRequisition?org=SIMOFRAS&cws=37&rid=7048,indeed,Financial Analyst,finance_analyst,False,Education And Schools,"temporary, fulltime"
Postdoctoral Research Fellow,,"Vancouver, BC, CA","CAD $6,250/mo (est.)",6250.0,,monthly,CAD,desc_parse,Apply on Company Site,2026-04-22,https://ca.indeed.com/viewjob?jk=f7d68e6bacae001f,https://ubc.wd10.myworkdayjobs.com/en-US/ubcfacultyjobs/job/UBC-Vancouver-Campus---Vancouver-BC-Canada/Postdoctoral-Research-Fellow_JR24266,indeed,Research Scientist,data_science,False,Education And Schools,fulltime
Postdoctoral Research Fellow,,"Vancouver, BC, CA","CAD $6,250/mo (est.)",6250.0,,monthly,CAD,desc_parse,Apply on Company Site,2026-04-22,https://ca.indeed.com/viewjob?jk=9f5e8eb81271db3b,https://ubc.wd10.myworkdayjobs.com/en-US/ubcfacultyjobs/job/UBC-Vancouver-Campus---Vancouver-BC-Canada/Postdoctoral-Research-Fellow_JR24266,indeed,Research Scientist,data_science,False,Education And Schools,fulltime
"Hindi - Fluent Speakers - AI Training - Vancouver, Canada",,"Vancouver, BC, CA",CAD $30.00/hr (est.),30.0,,hourly,CAD,desc_parse,Apply on Company Site,2026-04-21,https://ca.indeed.com/viewjob?jk=62be49610b7fc9d3,https://grnh.se/9glf2ae2teu,indeed,Machine Learning Engineer,data_science,True,,
AI Trainer - Advanced Japanese Fluency (Fully Remote- Vancouver),,"Vancouver, BC, CA",CAD $30.00/hr (est.),30.0,,hourly,CAD,desc_parse,Apply on Company Site,2026-04-20,https://ca.indeed.com/viewjob?jk=2d142922950383c9,https://grnh.se/3o1s3gv2teu,indeed,Machine Learning Engineer,data_science,True,,
Product Marketing Specialist,,"North Vancouver, BC, CA",N/A,,,,CAD,,Apply on Company Site,2026-04-23,https://ca.indeed.com/viewjob?jk=ab7a6fce184e74c7,https://ats.rippling.com/jetson/jobs/4bab2333-2688-4db7-bcfc-f5baacff830d?jobSite=Indeed,indeed,Machine Learning Engineer,data_science,False,,fulltime
Inside Sales Representative,,"Vancouver, BC, CA",N/A,,,,CAD,,Apply on Company Site,2026-04-23,https://ca.indeed.com/viewjob?jk=e67660b455d839bd,http://ca.indeed.com/job/inside-sales-representative-e67660b455d839bd,indeed,Machine Learning Engineer,data_science,True,Organization,fulltime
"Director, Infrastructure Operations",,"Vancouver, BC, CA",N/A,,,,CAD,,Apply on Company Site,2026-04-23,https://ca.indeed.com/viewjob?jk=a9764ed4c5136c96,https://apply.workable.com/j/94E3538969,indeed,Machine Learning Engineer,data_science,False,,fulltime
Financial Analyst,,"Vancouver, BC, CA",N/A,,,,CAD,,Apply on Company Site,2026-04-22,https://ca.indeed.com/viewjob?jk=f54220e64088ecc0,https://ubc.wd10.myworkdayjobs.com/en-US/ubcstaffjobs/job/UBC-Vancouver-Campus---Vancouver-BC-Canada/Financial-Analyst_JR24200,indeed,Financial Analyst,finance_analyst,False,Education And Schools,fulltime
Business Financial Analyst,,"Coquitlam, BC, CA",N/A,,,,CAD,,Apply on Company Site,2026-04-22,https://ca.indeed.com/viewjob?jk=72c3bed0ec217e9c,http://ca.indeed.com/job/business-financial-analyst-72c3bed0ec217e9c,indeed,Financial Analyst,finance_analyst,True,,fulltime
Financial Analyst,,"Vancouver, BC, CA",N/A,,,,CAD,,Apply on Company Site,2026-04-22,https://ca.indeed.com/viewjob?jk=fba418b4ec8bd4cb,https://ubc.wd10.myworkdayjobs.com/en-US/ubcstaffjobs/job/UBC-Vancouver-Campus---Vancouver-BC-Canada/Financial-Analyst_JR24200,indeed,Financial Analyst,finance_analyst,False,Education And Schools,fulltime
Senior Financial Analyst,,"Vancouver, BC, CA",N/A,,,,CAD,,Apply on Company Site,2026-04-22,https://ca.indeed.com/viewjob?jk=ae80e35f167f1cfa,https://bestbuycanadaorganic.thejobnetwork.com/Job/603282944?etd=MUVP6CXQ22IN52HFI5T44RDGOBXT44OJCYLBRGUWLE4HE7M7JKNT4EKC25EZ4IL3L6Q7STSE7QW4KDBJRDPJUZ7MQ5OBPWPHYN6DNF2ZN5RND4VRKBYA%3d%3d%3d%3d,indeed,Financial Analyst,finance_analyst,True,,fulltime
Senior Financial Systems Analyst,,"Richmond, BC, CA",N/A,,,,CAD,,Apply on Company Site,2026-04-22,https://ca.indeed.com/viewjob?jk=55795f645b39dd33,https://tre.tbe.taleo.net/tre01/ats/careers/v2/viewRequisition?org=TRQS8M&cws=37&rid=2745,indeed,Financial Analyst,finance_analyst,False,Government,fulltime
"Program Analyst, Affordable Community Housing (VCF)",,"Vancouver, BC, CA",N/A,,,,CAD,,Apply on Company Site,2026-04-22,https://ca.indeed.com/viewjob?jk=1924b8fd67e2f843,https://recruiting.ultipro.com/VAN5000VCSCU/JobBoard/a46cbdaa-ca2c-49b6-8d2b-e0ceaafa0e25/OpportunityDetail?opportunityId=95377b10-9eb9-48be-b6d4-7ceb7133cd3e&postingId=45849425-acfc-4adb-af1a-77ddec93c0b6,indeed,Financial Analyst,finance_analyst,False,,
Senior Business Analyst,,"Vancouver, BC, CA",N/A,,,,CAD,,Apply on Company Site,2026-04-22,https://ca.indeed.com/viewjob?jk=4b4ff3007a2b7ce7,https://raymondjames.taleo.net/careersection/1_ca/jobdetail.ftl?job=2600307&tz=GMT-05%3A00&tzname=America%2FChicago,indeed,Financial Analyst,finance_analyst,False,Banks And Financial Services,fulltime
"Senior Specialist, Talent Insights & Reporting (Workday)",,"Vancouver, BC, CA",N/A,,,,CAD,,Apply on Company Site,2026-04-22,https://ca.indeed.com/viewjob?jk=42b5696507f0d80c,https://jobs.ashbyhq.com/lightspeedhq/db160c9d-85b0-4df5-9a56-cd58a4d483c1?utm_source=8z5q7zPjwO,indeed,FP&A Analyst,finance_analyst,True,,fulltime
Business Architect,,"Vancouver, BC, CA",N/A,,,,CAD,,Apply on Company Site,2026-04-22,https://ca.indeed.com/viewjob?jk=abf8060e5adeb8d2,https://jobs.teck.com/job/Vancouver-Business-Architect-Brit/1384744200/?feedId=223000&utm_source=Indeed&utm_campaign=Teck_Indeed,indeed,Investment Analyst,finance_analyst,False,,fulltime
Ventures Analyst,,"Vancouver, BC, CA",N/A,,,,CAD,,Apply on Company Site,2026-04-22,https://ca.indeed.com/viewjob?jk=09c1555ec3a93882,https://grnh.se/a1g7p8t18us,indeed,Investment Analyst,finance_analyst,False,,
data scientist,,"Burnaby, BC, CA",N/A,,,,CAD,,Apply on Company Site,2026-04-22,https://ca.indeed.com/viewjob?jk=f48487d6d2d49eca,https://www.jobbank.gc.ca/jobsearch/jobposting/49382295,indeed,Data Scientist,data_science,False,,fulltime
"Senior Manager, Canadian Corporate Tax",,"Vancouver, BC, CA",N/A,,,,CAD,,Apply on Company Site,2026-04-22,https://ca.indeed.com/viewjob?jk=05a7a85ae6aa8f89,https://careers.kpmg.ca/jobs/32184/job?utm_source=indeed_integration&iis=Job%20Board&iisn=Indeed&indeed-apply-token=73a2d2b2a8d6d5c0a62696875eaebd669103652d3f0c2cd5445d3e66b1592b0f,indeed,Machine Learning Engineer,data_science,False,,fulltime
"Manager, Canadian Corporate Tax",,"Vancouver, BC, CA",N/A,,,,CAD,,Apply on Company Site,2026-04-22,https://ca.indeed.com/viewjob?jk=a34279f6e455dfb6,https://careers.kpmg.ca/jobs/32189/job?utm_source=indeed_integration&iis=Job%20Board&iisn=Indeed&indeed-apply-token=73a2d2b2a8d6d5c0a62696875eaebd669103652d3f0c2cd5445d3e66b1592b0f,indeed,Machine Learning Engineer,data_science,False,,fulltime
Senior Full Stack Software Engineer,,"Vancouver, BC, CA",N/A,,,,CAD,,Apply on Company Site,2026-04-22,https://ca.indeed.com/viewjob?jk=22ad8f805e6c5de7,https://jobs.ea.com/en_US/careers/JobDetail/Software-Engineer/212471,indeed,Machine Learning Engineer,data_science,False,Internet And Software,fulltime
"Principal Program Manager- Technical, Fraud Programs",,"Burnaby, BC, CA",N/A,,,,CAD,,Apply on Company Site,2026-04-22,https://ca.indeed.com/viewjob?jk=158809b9e9a64143,https://Remitly.contacthr.com/151869871,indeed,Machine Learning Engineer,data_science,True,,fulltime
Software QA Engineer,,"Vancouver, BC, CA",N/A,,,,CAD,,Apply on Company Site,2026-04-22,https://ca.indeed.com/viewjob?jk=e0005dfbc628f02e,https://app.jobvite.com/CompanyJobs/Job.aspx?j=ov21zfwR&s=Indeed,indeed,Machine Learning Engineer,data_science,False,,
Creative Asset Specialist,,"Vancouver, BC, CA",N/A,,,,CAD,,Apply on Company Site,2026-04-22,https://ca.indeed.com/viewjob?jk=b944f55ab4e0e547,https://recruiting.ultipro.ca/MOE5000MOER/JobBoard/2573a05f-4943-4b17-a846-dbe94371cb98/OpportunityDetail?opportunityId=87583b00-8761-433b-a197-170d96beb12c&postingId=5feb5a1b-bcff-4af4-8bb0-6b55c375fdfd,indeed,Machine Learning Engineer,data_science,False,Consumer Goods And Services,
Purchasing Manager,,"Vancouver, BC, CA",N/A,,,,CAD,,Apply on Company Site,2026-04-22,https://ca.indeed.com/viewjob?jk=6cef78ca19141ba2,https://grnh.se/c46vqlvt7us,indeed,Machine Learning Engineer,data_science,False,,fulltime
Spécialiste en Sécurité - Renseignements sur les Cybermenaces,,"Vancouver, BC, CA",N/A,,,,CAD,,Apply on Company Site,2026-04-22,https://ca.indeed.com/viewjob?jk=34910696cb215dc4,https://careers.intactfc.com/fr-ca/spécialiste-en-sécurité-renseignements-sur-les-cybermenaces/job/R153152,indeed,Machine Learning Engineer,data_science,False,,fulltime
Security Specialist - Cyber Threat Intelligence,,"Vancouver, BC, CA",N/A,,,,CAD,,Apply on Company Site,2026-04-22,https://ca.indeed.com/viewjob?jk=82987e20147bf948,https://careers.intactfc.com/security-specialist-cyber-threat-intelligence/job/R153152,indeed,Machine Learning Engineer,data_science,False,,fulltime
Senior/Staff Frontend Platform Engineer,,"Vancouver, BC, CA",N/A,,,,CAD,,Apply on Company Site,2026-04-22,https://ca.indeed.com/viewjob?jk=610bfa7e1e047ae9,https://motorolasolutions.wd5.myworkdayjobs.com/en-US/Careers/job/Vancouver-Canada/Senior-Staff-Frontend-Platform-Engineer_R64217,indeed,Machine Learning Engineer,data_science,False,,fulltime
Junior Software Developer,,"Vancouver, BC, CA",N/A,,,,CAD,,Apply on Company Site,2026-04-22,https://ca.indeed.com/viewjob?jk=7a543798f98ded1f,http://ca.indeed.com/job/junior-software-developer-7a543798f98ded1f,indeed,Machine Learning Engineer,data_science,False,,fulltime
CICD Programmer Analyst II,,"Vancouver, BC, CA",N/A,,,,CAD,,Apply on Company Site,2026-04-22,https://ca.indeed.com/viewjob?jk=446a271cb457b583,https://ubc.wd10.myworkdayjobs.com/en-US/ubcstaffjobs/job/UBC-Vancouver-Campus---Vancouver-BC-Canada/CICD-Programmer-Analyst-II_JR24281,indeed,Machine Learning Engineer,data_science,False,Education And Schools,fulltime
CICD Programmer Analyst II,,"Vancouver, BC, CA",N/A,,,,CAD,,Apply on Company Site,2026-04-22,https://ca.indeed.com/viewjob?jk=c5436bf83a111acd,https://ubc.wd10.myworkdayjobs.com/en-US/ubcstaffjobs/job/UBC-Vancouver-Campus---Vancouver-BC-Canada/CICD-Programmer-Analyst-II_JR24281,indeed,Machine Learning Engineer,data_science,False,Education And Schools,fulltime
Senior Node.js Fullstack Engineer,,"Vancouver, BC, CA",N/A,,,,CAD,,Apply on Company Site,2026-04-22,https://ca.indeed.com/viewjob?jk=029ff0632e7c8376,https://grnh.se/efe8bqn98us,indeed,Machine Learning Engineer,data_science,True,,
AI Tech Leader,,"Vancouver, BC, CA",N/A,,,,CAD,,Apply on Company Site,2026-04-22,https://ca.indeed.com/viewjob?jk=066865d8fc81ae82,https://grnh.se/8603bsn28us,indeed,Machine Learning Engineer,data_science,True,,fulltime
Technical Support Engineer,,"Vancouver, BC, CA",N/A,,,,CAD,,Apply on Company Site,2026-04-22,https://ca.indeed.com/viewjob?jk=13b89a065544fedf,https://grnh.se/0yu63uj18us,indeed,Machine Learning Engineer,data_science,False,,fulltime
"Procurement, Process & Automation Specialist",,"North Vancouver, BC, CA",N/A,,,,CAD,,Apply on Company Site,2026-04-22,https://ca.indeed.com/viewjob?jk=30569e499d9177fc,https://ats.rippling.com/jetson/jobs/0e1c8451-5199-434a-ae16-8ee681c10c0f?jobSite=Indeed,indeed,Machine Learning Engineer,data_science,False,,fulltime
AI Forward Deployed Engineering,,"Vancouver, BC, CA",N/A,,,,CAD,,Apply on Company Site,2026-04-22,https://ca.indeed.com/viewjob?jk=21ced0df01b7e1dc,https://accenture.com/ca-en/careers/jobdetails?id=R00326717_en,indeed,Machine Learning Engineer,data_science,False,,fulltime
Senior Technical Support Engineer,,"Vancouver, BC, CA",N/A,,,,CAD,,Apply on Company Site,2026-04-22,https://ca.indeed.com/viewjob?jk=7120c3c47d5ab5e1,https://grnh.se/osjeibf59us,indeed,Analytics Engineer,data_science,True,,
Senior Integration Engineer,,"Vancouver, BC, CA",N/A,,,,CAD,,Apply on Company Site,2026-04-22,https://ca.indeed.com/viewjob?jk=e2d4bc6e2d33f7b0,https://recruiting.ultipro.com/VAN5000VCSCU/JobBoard/a46cbdaa-ca2c-49b6-8d2b-e0ceaafa0e25/OpportunityDetail?opportunityId=648a5b0e-a7f1-4a67-bfdf-e60a902920fd&postingId=ff04073c-e1c0-4330-9194-b96c2e039adf,indeed,Analytics Engineer,data_science,False,,
Financial Advisor,,"Vancouver, BC, CA",N/A,,,,CAD,,Apply on Company Site,2026-04-22,https://ca.indeed.com/viewjob?jk=138c09583492153d,http://ca.indeed.com/job/financial-advisor-138c09583492153d,indeed,CFA Investment,credentials,False,,
Research Associate,,"Vancouver, BC, CA",N/A,,,,CAD,,Apply on Company Site,2026-04-22,https://ca.indeed.com/viewjob?jk=5265bb156075cad4,https://ubc.wd10.myworkdayjobs.com/en-US/ubcfacultyjobs/job/UBC-Vancouver-Campus---Vancouver-BC-Canada/Research-Associate_JR24285,indeed,PhD Research,credentials,False,Education And Schools,fulltime
Research Associate,,"Vancouver, BC, CA",N/A,,,,CAD,,Apply on Company Site,2026-04-22,https://ca.indeed.com/viewjob?jk=b426be82a33f17be,https://ubc.wd10.myworkdayjobs.com/en-US/ubcfacultyjobs/job/UBC-Vancouver-Campus---Vancouver-BC-Canada/Research-Associate_JR24285,indeed,PhD Research,credentials,False,Education And Schools,fulltime
Research Engineer,,"Vancouver, BC, CA",N/A,,,,CAD,,Apply on Company Site,2026-04-22,https://ca.indeed.com/viewjob?jk=d79fc59ccdbc8fa1,https://ubc.wd10.myworkdayjobs.com/en-US/ubcstaffjobs/job/UBC-Vancouver-Campus---Vancouver-BC-Canada/Research-Engineer_JR24230,indeed,PhD Research,credentials,False,Education And Schools,fulltime
ScotiaMcLeod Administrative Associate - West Vancouver,,"Vancouver, BC, CA",N/A,,,,CAD,,Apply on Company Site,2026-04-22,https://ca.indeed.com/viewjob?jk=9f4af564b5ddd528,https://jobs.scotiabank.com/job/Vancouver-ScotiaMcLeod-Administrative-Associate-West-Vancouver-BC-V7V1H9/601793417/,indeed,Investment Management,credentials,False,,
"Senior Associate, Non-Brokered Private Placements (NBPP)",,"Vancouver, BC, CA",N/A,,,,CAD,,Apply on Company Site,2026-04-22,https://ca.indeed.com/viewjob?jk=d93c2af486c8c077,https://workforcenow.adp.com/mascsr/default/mdf/recruitment/recruitment.html?cid=6c06ce68-5388-4357-97c9-9f1c3ceb45dc&ccId=19000101_000001&jobId=631519&source=IN&lang=en_CA,indeed,Investment Management,credentials,False,,"fulltime, contract"
"Associate, Non-Brokered Private Placements (NBPP)",,"Vancouver, BC, CA",N/A,,,,CAD,,Apply on Company Site,2026-04-22,https://ca.indeed.com/viewjob?jk=5dbf9773ed2d41f4,https://workforcenow.adp.com/mascsr/default/mdf/recruitment/recruitment.html?cid=6c06ce68-5388-4357-97c9-9f1c3ceb45dc&ccId=19000101_000001&jobId=631515&source=IN&lang=en_CA,indeed,Investment Management,credentials,False,,"fulltime, contract"
Merchant Solutions Business Development Specialist,,"North Vancouver, BC, CA",N/A,,,,CAD,,Apply on Company Site,2026-04-22,https://ca.indeed.com/viewjob?jk=6161b01239b39049,https://td.wd3.myworkdayjobs.com/en-US/TD_Bank_Careers/job/North-Vancouver-British-Columbia/Merchant-Solutions-Business-Development-Specialist_R_1485647,indeed,Investment Management,credentials,True,,fulltime
Customer Experience Associate - Mandarin and/or Cantonese Language Skills an Asset,,"Burnaby, BC, CA",N/A,,,,CAD,,Apply on Company Site,2026-04-22,https://ca.indeed.com/viewjob?jk=43730998df847a65,https://td.wd3.myworkdayjobs.com/en-US/TD_Bank_Careers/job/Burnaby-British-Columbia/Customer-Experience-Associate_R_1485697,indeed,Investment Management,credentials,False,,parttime
"Manager, Leadership and Talent Development",,"Vancouver, BC, CA",N/A,,,,CAD,,Apply on Company Site,2026-04-22,https://ca.indeed.com/viewjob?jk=bdd6f34341c0a6f9,https://jobs.dayforcehcm.com/en-US/odlumbrown/CANDIDATEPORTAL/jobs/454,indeed,Investment Management,credentials,False,,fulltime
Customer Experience Associate - West Vancouver (15 hours/weekly),,"West Vancouver, BC, CA",N/A,,,,CAD,,Apply on Company Site,2026-04-22,https://ca.indeed.com/viewjob?jk=8d2d61ede0c7a214,https://jobs.scotiabank.com/job/West-Vancouver-Customer-Experience-Associate-West-Vancouver-%2815-hoursweekly%29-BC-V7V1H8/601776817/,indeed,Investment Management,credentials,False,,
Transfers Administrator - Temporary,,"Vancouver, BC, CA",N/A,,,,CAD,,Apply on Company Site,2026-04-22,https://ca.indeed.com/viewjob?jk=ae0abdcf7dce06cb,https://apply.workable.com/j/E2181BC543,indeed,Investment Management,credentials,False,,temporary
Bilingual Estates Specialist,,"Vancouver, BC, CA",N/A,,,,CAD,,Apply on Company Site,2026-04-22,https://ca.indeed.com/viewjob?jk=5994f6de39e36afc,https://apply.workable.com/j/253B70881E,indeed,Investment Management,credentials,False,,fulltime
Sales Development Representative - Vancouver,,"Vancouver, BC, CA",N/A,,,,CAD,,Apply on Company Site,2026-04-22,https://ca.indeed.com/viewjob?jk=9542bed2d4ef8cbd,https://jobs.lever.co/tomjames/400bb185-2004-4ac5-89b7-e06d40087596?lever-source=Indeed,indeed,Investment Management,credentials,False,,fulltime
"Senior Strategist, Brand, Marketing and Research",,"Vancouver, BC, CA",N/A,,,,CAD,,Apply on Company Site,2026-04-22,https://ca.indeed.com/viewjob?jk=19268974b796a7e0,https://tre.tbe.taleo.net/tre01/ats/careers/v2/viewRequisition?org=BCSC&cws=38&rid=583,indeed,Investment Management,credentials,False,,fulltime
Manager of Finance,,"Vancouver, BC, CA",N/A,,,,CAD,,Apply on Company Site,2026-04-22,https://ca.indeed.com/viewjob?jk=2f4ec02c5fdfc9e6,http://ca.indeed.com/job/manager-finance-2f4ec02c5fdfc9e6,indeed,Investment Management,credentials,True,,fulltime
"Director, Major Gifts | British Columbia",,"Vancouver, BC, CA",N/A,,,,CAD,,Apply on Company Site,2026-04-22,https://ca.indeed.com/viewjob?jk=07ff1d6109db9849,https://arthritis.ca/wp-content/uploads/2026/04/Arthritis-Society-Canada-Position-Brief-Director-Major-Gifts-BC.pdf,indeed,Investment Management,credentials,True,,
Estates Administrator,,"Vancouver, BC, CA",N/A,,,,CAD,,Apply on Company Site,2026-04-22,https://ca.indeed.com/viewjob?jk=93492ada4e7fa707,https://apply.workable.com/j/504703A77C,indeed,Investment Management,credentials,False,,fulltime
HR Generalist - Contract,,"Vancouver, BC, CA",N/A,,,,CAD,,Apply on Company Site,2026-04-22,https://ca.indeed.com/viewjob?jk=8e2824188ffe33e7,https://apply.workable.com/j/BAB684E5B9,indeed,Investment Management,credentials,True,,contract
Business Development Associate,,"Vancouver, BC, CA",N/A,,,,CAD,,Apply on Company Site,2026-04-22,https://ca.indeed.com/viewjob?jk=80e653379ced41d4,https://raymondjames.taleo.net/careersection/1_ca/jobdetail.ftl?job=2600294&tz=GMT-05%3A00&tzname=America%2FChicago,indeed,Investment Management,credentials,False,Banks And Financial Services,fulltime
MANAGER TECHNOLOGY STRATEGY,,"Coquitlam, BC, CA",N/A,,,,CAD,,Apply on Company Site,2026-04-22,https://ca.indeed.com/viewjob?jk=ee73e9ac1c0e421b,https://careers.coquitlam.ca/?_4x1F8B08000000000000FF6D8FB16EC3201445FF8631E2E1079481A10976E5B962468E2115890308DB52F3F76DA27AAAF773AFCE29B9F45E5392AB0F55031987690A755DA3D780889C376FE894049454B9C622731498A064BE85C74748E691FE71C281E51B96EBA24DFB79227B97008E5B68FED852F318E6B95FC25D97DFDD301DAEF95CF2BCC4F475B802A3A4E6C1A7F57E7EAAEED86D7231C5C5DADEEC276C6ADFA3CE974BA8D1BF6AB4609D50EF689811EA24BB4E4954E6D8B4EC285B6CB9F8014710B6322B010000&offerid=1623,indeed,Investment Management,credentials,False,Government,fulltime
Talent Acquisition Consultant - BC & Yukon Region (1 Year Contract),,"Vancouver, BC, CA",N/A,,,,CAD,,Apply on Company Site,2026-04-22,https://ca.indeed.com/viewjob?jk=037f9e174917a9ec,https://jobs.scotiabank.com/job/Vancouver-Talent-Acquisition-Consultant-BC-&-Yukon-Region-%281-Year-Contract%29-BC-M5H1H1/600918717/,indeed,Investment Management,credentials,False,,contract
Marketing Director,,"Vancouver, BC, CA",N/A,,,,CAD,,Apply on Company Site,2026-04-22,https://ca.indeed.com/viewjob?jk=0d1af43f9ae817b6,https://sonicincytes.bamboohr.com/careers/110?source=indeed&src=indeed&postedDate=2026-04-22,indeed,Chief AI Officer,c_suite,True,,fulltime
Sales Operations Manager,,"Vancouver, BC, CA",N/A,,,,CAD,,Apply on Company Site,2026-04-22,https://ca.indeed.com/viewjob?jk=a7055b2e14ea0eb7,https://sonicincytes.bamboohr.com/careers/109?source=indeed&src=indeed&postedDate=2026-04-22,indeed,Chief AI Officer,c_suite,False,,fulltime
Executive Assistant,,"Burnaby, BC, CA",N/A,,,,CAD,,Apply on Company Site,2026-04-22,https://ca.indeed.com/viewjob?jk=471005f97dea969d,http://ca.indeed.com/job/executive-assistant-471005f97dea969d,indeed,President,c_suite,False,,fulltime
Human Resources Partner,,"Vancouver, BC, CA",N/A,,,,CAD,,Apply on Company Site,2026-04-22,https://ca.indeed.com/viewjob?jk=aceb290063423f3b,https://careers-phc.icims.com/jobs/61930/job?utm_source=indeed_integration&iis=Job%20Board&iisn=Indeed&indeed-apply-token=73a2d2b2a8d6d5c0a62696875eaebd669103652d3f0c2cd5445d3e66b1592b0f,indeed,Portfolio Manager,trading_investment,False,,
"Senior Underwriter, Transportation (CL)",,"Vancouver, BC, CA",N/A,,,,CAD,,Apply on Company Site,2026-04-22,https://ca.indeed.com/viewjob?jk=829ddc95ab504e95,https://careers.hubinternational.com/us/en/job/HULHICUSR0035999EXTERNALENUS/Senior-Underwriter-Transportation-CL?utm_source=indeed&utm_medium=phenom-feeds,indeed,Portfolio Manager,trading_investment,False,,fulltime
"Project Manager, Fleet Transformation",,"Metro Vancouver Regional District, BC, CA",N/A,,,,CAD,,Apply on Company Site,2026-04-22,https://ca.indeed.com/viewjob?jk=2fca72b02d4d1399,https://careersconnect.translink.ca/psc/EXT/EMPLOYEE/HRMS/c/HRS_HRAM_FL.HRS_CG_SEARCH_FL.GBL?Page=HRS_APP_JBPST_FL&Action=U&FOCUS=Applicant&SiteId=1&JobOpeningId=20260320&PostingSeq=1,indeed,Portfolio Manager,trading_investment,True,,fulltime
Coordonnateur des services immobiliers,,"Vancouver, BC, CA",N/A,,,,CAD,,Apply on Company Site,2026-04-22,https://ca.indeed.com/viewjob?jk=6bc0100b808a5f8b,https://fa-evcg-saasfaprod1.fa.ocs.oraclecloud.com/hcmUI/CandidateExperience/fr-CA/sites/CX_1/requisitions/preview/230316,indeed,Portfolio Manager,trading_investment,False,,fulltime
Property Services Coordinator,,"Vancouver, BC, CA",N/A,,,,CAD,,Apply on Company Site,2026-04-22,https://ca.indeed.com/viewjob?jk=a01b8f6ba30d0de8,https://fa-evcg-saasfaprod1.fa.ocs.oraclecloud.com/hcmUI/CandidateExperience/en/sites/CX_1/requisitions/preview/230316,indeed,Portfolio Manager,trading_investment,False,,fulltime
"Commercial Lines Senior Underwriter, Transportation",,"Vancouver, BC, CA",N/A,,,,CAD,,Apply on Company Site,2026-04-22,https://ca.indeed.com/viewjob?jk=5d53505887634805,https://spgcanada.ca/careers/commercial-lines-senior-underwriter-transportation/,indeed,Portfolio Manager,trading_investment,False,Insurance,fulltime
Senior Financial Analyst,,"Metro Vancouver Regional District, BC, CA",N/A,,,,CAD,,Apply on Company Site,2026-04-21,https://ca.indeed.com/viewjob?jk=7ef1ad8e7b02b48a,https://careersconnect.translink.ca/psc/EXT/EMPLOYEE/HRMS/c/HRS_HRAM_FL.HRS_CG_SEARCH_FL.GBL?Page=HRS_APP_JBPST_FL&Action=U&FOCUS=Applicant&SiteId=2&JobOpeningId=20260335&PostingSeq=1,indeed,Financial Analyst,finance_analyst,True,,fulltime
"Senior Financial Analyst, Corporate FP&A Reporting",,"North Vancouver, BC, CA",N/A,,,,CAD,,Apply on Company Site,2026-04-21,https://ca.indeed.com/viewjob?jk=9df30fb246ab7a66,https://jobs.lever.co/arcteryx.com/e6fadfea-b07c-4b1d-9938-ded5d9948f5d,indeed,Financial Analyst,finance_analyst,False,,fulltime
Pension Plan Administrator,,"Burnaby, BC, CA",N/A,,,,CAD,,Apply on Company Site,2026-04-21,https://ca.indeed.com/viewjob?jk=6d265d910cc8a8a9,http://ca.indeed.com/job/pension-plan-administrator-6d265d910cc8a8a9,indeed,Investment Analyst,finance_analyst,True,,fulltime
"Analyst I, Investor Services",,"Vancouver, BC, CA",N/A,,,,CAD,,Apply on Company Site,2026-04-21,https://ca.indeed.com/viewjob?jk=905ff83822ddfe92,https://ats.rippling.com/nestogroup/jobs/3929e28f-4df6-4b21-86b4-67c9e24fa486?jobSite=Indeed,indeed,Investment Analyst,finance_analyst,False,,fulltime
"Analyst I, Investor Services",,"Vancouver, BC, CA",N/A,,,,CAD,,Apply on Company Site,2026-04-21,https://ca.indeed.com/viewjob?jk=a816fc9d34deaa21,https://ats.rippling.com/cmls/jobs/3627fe69-078f-4eea-8d73-9cb00611cb2c?jobSite=Indeed,indeed,Investment Analyst,finance_analyst,False,,fulltime
Fixed Income Analyst,,"Vancouver, BC, CA",N/A,,,,CAD,,Apply on Company Site,2026-04-21,https://ca.indeed.com/viewjob?jk=493e2abe079373a6,https://jsv3.recruitics.com/redirect?rx_cid=3618&rx_jobId=R-0000168267&rx_url=https%3A%2F%2Fjobs.rbc.com%2Fca%2Fen%2Fjob%2FR-0000168267%3Frx_a%3D0%26rx_c%3D%26rx_ch%3Djobp4p%26rx_group%3D300081%26rx_id%3Dbe9cea8f-3d3d-11f1-b568-850d604ff8d5%26rx_job%3DR-0000168267%26rx_medium%3Dcpc%26rx_r%3Dnone%26rx_source%3Dindeed%26rx_ts%3D20260423T160426Z%26rx_vp%3Dcpc%26source%3DAPPLICANT_SOURCE_INDEEDORGANIC%26utm_medium%3Dcpc%26utm_source%3Dindeedorganic,indeed,CFA Analyst,finance_analyst,False,,fulltime
Operations Data Analyst,,"Burnaby, BC, CA",N/A,,,,CAD,,Apply on Company Site,2026-04-21,https://ca.indeed.com/viewjob?jk=9d570666d3695335,https://careers.metrovancouver.org/psc/CAREERS/EMPLOYEE/HRMS/c/HRS_HRAM_FL.HRS_CG_SEARCH_FL.GBL?Page=HRS_APP_JBPST_FL&Action=U&Focus=Applicant&JobOpeningId=25529&SiteId=1&PostingSeq=1,indeed,Data Scientist,data_science,True,Government,fulltime
Software Development Engineer II - AI Platform,,"Burnaby, BC, CA",N/A,,,,CAD,,Apply on Company Site,2026-04-21,https://ca.indeed.com/viewjob?jk=8b39b0d162e78484,https://Remitly.contacthr.com/151841335,indeed,Data Scientist,data_science,False,,fulltime
"Co-op Student, Audit and Analytics",,"Richmond, BC, CA",N/A,,,,CAD,,Apply on Company Site,2026-04-21,https://ca.indeed.com/viewjob?jk=b2eaaa8675757378,https://careers.worksafebc.com/?_4x1F8B08000000000000FF6D8FBB0E82301846DFA6A3F97BA374E800A286D9746E905653C5B62990E8DB7B894CB29FEFCB3929A6D62A40315B9715467D370C2ECFB3B70A73CA0993208C144059290DD58C18C0A40034DEDCF3E042F30C7F5C61B0E60B16F3A49ADD718BD62E25315C63F663538EBD1BC776727795DEBB6ED85CE329C571F2E1B2B9620228C7CE86F97EFAA8AED82D723EF849EBB6594F58D41EBD8AE7B3CBDE7E6B544DAAB2148C312A495DED0BA035948443C5652584D8BF00C492D50F2B010000&offerid=5023,indeed,Data Scientist,data_science,True,,"temporary, fulltime"
"Software Development Engineer, ElastiCache",,"Vancouver, BC, CA",N/A,,,,CAD,,Apply on Company Site,2026-04-21,https://ca.indeed.com/viewjob?jk=e76eacc951b5f3ec,https://www.amazon.jobs/jobs/10399812/software-development-engineer-elasticache?cmpid=DA_INAD200785B,indeed,Machine Learning Engineer,data_science,False,Internet And Software,fulltime
"Genomics Specialist, Provincial Laboratory Medicine Services",,"Vancouver, BC, CA",N/A,,,,CAD,,Apply on Company Site,2026-04-21,https://ca.indeed.com/viewjob?jk=87489186766d0054,https://jobs.phsa.ca/job/genomics-specialist-provincial-laboratory-medicine-services,indeed,Research Scientist,data_science,True,Health Care,fulltime
Project Manager,,"Vancouver, BC, CA",N/A,,,,CAD,,Apply on Company Site,2026-04-21,https://ca.indeed.com/viewjob?jk=b7c6508cffa6df55,https://triumf.wd10.myworkdayjobs.com/en-US/careers-at-triumf-job-postings/job/TRIUMF--Vancouver-BC/Project-Manager_JR102069,indeed,Research Scientist,data_science,False,Energy And Utilities,fulltime
Research Scientist,,"Vancouver, BC, CA",N/A,,,,CAD,,Apply on Company Site,2026-04-21,https://ca.indeed.com/viewjob?jk=ac0dee6987428b3b,https://workforcenow.adp.com/mascsr/default/mdf/recruitment/recruitment.html?cid=0fad767f-f389-40ea-b2d1-d8df05098476&ccId=19000101_000001&jobId=589005&source=IN&lang=en_US,indeed,Research Scientist,data_science,False,,fulltime
"Technical Program Manager, Credit & Fraud AI Solutions",,"Vancouver, BC, CA",N/A,,,,CAD,,Apply on Company Site,2026-04-21,https://ca.indeed.com/viewjob?jk=5e7a9192af7b3ee7,https://jsv3.recruitics.com/redirect?rx_cid=3618&rx_jobId=R-0000168494&rx_url=https%3A%2F%2Fjobs.rbc.com%2Fca%2Fen%2Fjob%2FR-0000168494%3Frx_a%3D0%26rx_c%3D%26rx_ch%3Djobp4p%26rx_group%3D300081%26rx_id%3Dfa1413c7-3d9f-11f1-91d7-cd73cf853e63%26rx_job%3DR-0000168494%26rx_medium%3Dcpc%26rx_r%3Dnone%26rx_source%3Dindeed%26rx_ts%3D20260423T160426Z%26rx_vp%3Dcpc%26source%3DAPPLICANT_SOURCE_INDEEDORGANIC%26utm_medium%3Dcpc%26utm_source%3Dindeedorganic,indeed,Research Scientist,data_science,False,,fulltime
Infrastructure Engineer – L3,,"Vancouver, BC, CA",N/A,,,,CAD,,Apply on Company Site,2026-04-21,https://ca.indeed.com/viewjob?jk=7858be6d38e05b20,https://grnh.se/o9d0edy14us,indeed,Analytics Engineer,data_science,False,Internet And Software,
Senior Software Engineer,,"Vancouver, BC, CA",N/A,,,,CAD,,Apply on Company Site,2026-04-21,https://ca.indeed.com/viewjob?jk=ba438fa85ca9fba7,https://jobs.ea.com/en_US/careers/JobDetail/Sr-Software-Engineer/213715,indeed,Analytics Engineer,data_science,True,Internet And Software,fulltime
Data Analyst,,"Vancouver, BC, CA",N/A,,,,CAD,,Apply on Company Site,2026-04-21,https://ca.indeed.com/viewjob?jk=aa96e9e560cdc019,https://jobs.dayforcehcm.com/en-US/companyhris/AxiomBuilders/jobs/1489,indeed,Analytics Engineer,data_science,False,Construction,fulltime
"Manager, Liquidity and Short Term Investment , 18 month maternity leave coverage-(Hybrid)",,"Vancouver, BC, CA",N/A,,,,CAD,,Apply on Company Site,2026-04-21,https://ca.indeed.com/viewjob?jk=c4807d3aec0131df,https://central1resources.wd10.myworkdayjobs.com/en-US/Central1/job/Vancouver/Liquidity-and-Short-Term-Investment-Manager_R1683-1,indeed,CFA Investment,credentials,False,,fulltime
"Graduate Student, Research Support - BC Cancer Vancouver",,"Vancouver, BC, CA",N/A,,,,CAD,,Apply on Company Site,2026-04-21,https://ca.indeed.com/viewjob?jk=6fc91487ca265e76,https://jobs.phsa.ca/job/graduate-student-research-support-bc-cancer-vancouver,indeed,PhD Research,credentials,True,Health Care,
Research Engineer,,"Vancouver, BC, CA",N/A,,,,CAD,,Apply on Company Site,2026-04-21,https://ca.indeed.com/viewjob?jk=0f007e571bddb524,https://ubc.wd10.myworkdayjobs.com/en-US/ubcstaffjobs/job/UBC-Vancouver-Campus---Vancouver-BC-Canada/Research-Engineer_JR24230,indeed,PhD Research,credentials,False,Education And Schools,fulltime
Customer Experience Associate (Cantonese/Mandarin Language Skills an Asset),,"Richmond, BC, CA",N/A,,,,CAD,,Apply on Company Site,2026-04-21,https://ca.indeed.com/viewjob?jk=b08292983c49d79f,https://td.wd3.myworkdayjobs.com/en-US/TD_Bank_Careers/job/Richmond-British-Columbia/Customer-Experience-Associate--Cantonese-Mandarin-Language-Skills-an-Asset-_R_1485169,indeed,Investment Management,credentials,False,,parttime
"Director, Finance & Administration",,"Vancouver, BC, CA",N/A,,,,CAD,,Apply on Company Site,2026-04-21,https://ca.indeed.com/viewjob?jk=f89d8a33100f3889,https://brownsrestaurantgroup.bamboohr.com/careers/57?source=indeed&src=indeed&postedDate=2026-04-21,indeed,Investment Management,credentials,False,Restaurants Travel And Leisure,fulltime
Property Administrator,,"Vancouver, BC, CA",N/A,,,,CAD,,Apply on Company Site,2026-04-21,https://ca.indeed.com/viewjob?jk=a88bb361868686ad,https://careers.fsresidential.com/jobs/17642780-property-administrator?tm_job=2604051&tm_event=view&tm_company=93086,indeed,Investment Management,credentials,False,,fulltime
Mechanical Technician,,"Burnaby, BC, CA",N/A,,,,CAD,,Apply on Company Site,2026-04-21,https://ca.indeed.com/viewjob?jk=6b42f21c4a39e010,https://click.appcast.io/t/PhQsQ52OEd-HOgfZRs9uCBUmp-EOr_Jbyo9b40DkfO8=,indeed,Investment Management,credentials,False,Real Estate,fulltime
"COMM O 18R - Coordinator, Brand Strategy & Planning",,"Vancouver, BC, CA",N/A,,,,CAD,,Apply on Company Site,2026-04-21,https://ca.indeed.com/viewjob?jk=16a34b016b819a54,https://bcpublicservice.hua.hrsmart.com/hr/ats/Posting/view/123212,indeed,Investment Management,credentials,True,,temporary
Director (Scientific Research and Experimental Development) Public Accounting,,"Vancouver, BC, CA",N/A,,,,CAD,,Apply on Company Site,2026-04-21,https://ca.indeed.com/viewjob?jk=20901f347a546e7a,https://careerspage.io/rinvio-recruitment/director-scientific-research-and-experimental-development-public-accounting-77499?src=17,indeed,Investment Management,credentials,False,,fulltime
ADVISOR – MARKETING EVENT,,"Vancouver, BC, CA",N/A,,,,CAD,,Apply on Company Site,2026-04-21,https://ca.indeed.com/viewjob?jk=497e64428c4522f8,https://bdc.wd10.myworkdayjobs.com/en-US/BDC_Careers/job/Vancouver/ADVISOR---MARKETING-EVENT_R-7662,indeed,Investment Management,credentials,False,,fulltime
Account Manager II (BCGEU) - Burnaby Heights (12-Month Contract),,"Burnaby, BC, CA",N/A,,,,CAD,,Apply on Company Site,2026-04-21,https://ca.indeed.com/viewjob?jk=afbe75957a55fd0b,https://recruiting.ultipro.com/VAN5000VCSCU/JobBoard/a46cbdaa-ca2c-49b6-8d2b-e0ceaafa0e25/OpportunityDetail?opportunityId=f08c3bac-6d63-4bef-8173-9c116862ae02&postingId=73586e4e-7521-46e9-a1b0-0b8999f0818a,indeed,Investment Management,credentials,False,,
Customer Experience Associate,,"Vancouver, BC, CA",N/A,,,,CAD,,Apply on Company Site,2026-04-21,https://ca.indeed.com/viewjob?jk=7936f7dbe5466a57,https://td.wd3.myworkdayjobs.com/en-US/TD_Bank_Careers/job/Vancouver-British-Columbia/Customer-Experience-Associate_R_1485215,indeed,Investment Management,credentials,False,,parttime
Customer Experience Associate,,"Burnaby, BC, CA",N/A,,,,CAD,,Apply on Company Site,2026-04-21,https://ca.indeed.com/viewjob?jk=315a50decd290ba2,https://td.wd3.myworkdayjobs.com/en-US/TD_Bank_Careers/job/Burnaby-British-Columbia/Customer-Experience-Associate_R_1484678,indeed,Investment Management,credentials,False,,parttime
Customer Experience Associate - Mandarin and/or Cantonese Language Skills an Asset.,,"Vancouver, BC, CA",N/A,,,,CAD,,Apply on Company Site,2026-04-21,https://ca.indeed.com/viewjob?jk=e02d20db7d61c23e,https://td.wd3.myworkdayjobs.com/en-US/TD_Bank_Careers/job/Vancouver-British-Columbia/Customer-Experience-Associate---Mandarin-and-or-Cantonese-Language-Skills-an-Asset_R_1485271-1,indeed,Investment Management,credentials,False,,parttime
Payroll Consultant,,"Vancouver, BC, CA",N/A,,,,CAD,,Apply on Company Site,2026-04-21,https://ca.indeed.com/viewjob?jk=42ddd8ed924f70da,https://jobs.dayforcehcm.com/en-US/bcspca/CANDIDATEPORTAL/jobs/14896,indeed,Chief AI Officer,c_suite,False,Organization,fulltime
"Manager, Operations (Security)",,"Vancouver, BC, CA",N/A,,,,CAD,,Apply on Company Site,2026-04-21,https://ca.indeed.com/viewjob?jk=f274e54cd1931c3d,https://paladintechnologies.applytojob.com/apply/FWvmLVghLm/Manager-Operations-Security?source=INDE&~,indeed,President,c_suite,True,,fulltime
Human Resources Team Lead,,"Vancouver, BC, CA",N/A,,,,CAD,,Apply on Company Site,2026-04-21,https://ca.indeed.com/viewjob?jk=faddf558ed277ee4,https://transoftsolutions.bamboohr.com/careers/329?source=indeed&src=indeed&postedDate=2026-04-21,indeed,President,c_suite,True,,contract
Executive Director,,"Richmond, BC, CA",N/A,,,,CAD,,Apply on Company Site,2026-04-21,https://ca.indeed.com/viewjob?jk=f024e33bc88e1ef3,https://www.civicjobs.ca/jobs?id=112846&linktype=ind,indeed,President,c_suite,False,Education And Schools,fulltime
Vice President of Paid Media (Remote Canada),,"Vancouver, BC, CA",N/A,,,,CAD,,Apply on Company Site,2026-04-21,https://ca.indeed.com/viewjob?jk=8281b6b554b4c2a5,https://jobs.ashbyhq.com/directive/92b1d630-e2d9-4458-9700-50cb31fcb5f9?utm_source=0MgkgOev1q,indeed,President,c_suite,True,,fulltime
Program Manager - Enterprise Systems,,"Vancouver, BC, CA",N/A,,,,CAD,,Apply on Company Site,2026-04-21,https://ca.indeed.com/viewjob?jk=78ba04b6c10de003,https://grnh.se/zbys9h564us,indeed,Portfolio Manager,trading_investment,True,Internet And Software,
"Administrative Assistant, Inter-Campus Management Operations - BC Children’s Hospital and Women’s Hospital & Health Centre",,"Vancouver, BC, CA",N/A,,,,CAD,,Apply on Company Site,2026-04-21,https://ca.indeed.com/viewjob?jk=69dcd3ab8e56915e,https://jobs.phsa.ca/job/administrative-assistant-inter-campus-management-operations-bc-childrens-hospital-and-womens,indeed,Portfolio Manager,trading_investment,True,Health Care,fulltime
Human Resources Partner,,"Vancouver, BC, CA",N/A,,,,CAD,,Apply on Company Site,2026-04-21,https://ca.indeed.com/viewjob?jk=fc39ec0384152547,https://careers-phc.icims.com/jobs/61906/job?utm_source=indeed_integration&iis=Job%20Board&iisn=Indeed&indeed-apply-token=73a2d2b2a8d6d5c0a62696875eaebd669103652d3f0c2cd5445d3e66b1592b0f,indeed,Portfolio Manager,trading_investment,False,,"temporary, fulltime"
ACCOUNT MANAGER,,"Richmond, BC, CA",N/A,,,,CAD,,Apply on Company Site,2026-04-21,https://ca.indeed.com/viewjob?jk=b0aae04b0dd29db9,https://workforcenow.adp.com/mascsr/default/mdf/recruitment/recruitment.html?cid=06317777-2864-4001-9770-b4a490be0324&ccId=19000101_000001&jobId=962233&source=IN&lang=en_CA,indeed,Portfolio Manager,trading_investment,False,,fulltime
Property Representative 1 (Indigenous Land Services),,"Vancouver, BC, CA",N/A,,,,CAD,,Apply on Company Site,2026-04-21,https://ca.indeed.com/viewjob?jk=2605f5127f52404e,https://app.bchydro.com/sap/bc/webdynpro/sap/hrrcf_a_posting_apply?PARAM=cG9zdF9pbnN0X2d1aWQ9M0ExODRDMTRBMTBCMUZEMThGQjg0RkQ4RUUzMkMwMTkmY2FuZF90eXBlPUVYVA%3d%3d&sap-theme=sap_belize&sap-client=100&sap-language=EN&sap-accessibility=X&saml2=disabled&sap-theme=sap_belize&sap-wd-configid=ZHRRCF_A_UNREG_JOB_SEARCH,indeed,Portfolio Manager,trading_investment,False,Energy And Utilities,fulltime
Licensed Property Manager - Residential,,"Vancouver, BC, CA",N/A,,,,CAD,,Apply on Company Site,2026-04-21,https://ca.indeed.com/viewjob?jk=7f48e1c364634552,http://ca.indeed.com/job/licensed-property-manager-residential-7f48e1c364634552,indeed,Portfolio Manager,trading_investment,False,Real Estate,
Building Manager,,"Vancouver, BC, CA",N/A,,,,CAD,,Apply on Company Site,2026-04-21,https://ca.indeed.com/viewjob?jk=4bf6e5041767bc2d,http://ca.indeed.com/job/building-manager-4bf6e5041767bc2d,indeed,Portfolio Manager,trading_investment,False,Banks And Financial Services,fulltime
Accounts Payable and Payroll Officer,,"Burnaby, BC, CA",N/A,,,,CAD,,Apply on Company Site,2026-04-21,https://ca.indeed.com/viewjob?jk=ed9024d61acece06,https://navitas.bamboohr.com/careers/150?source=indeed&src=indeed&postedDate=2026-04-21,indeed,Portfolio Manager,trading_investment,False,,
"Senior Property Manager, Commercial Property Management (Burnaby, BC)",,"Vancouver, BC, CA",N/A,,,,CAD,,Apply on Company Site,2026-04-21,https://ca.indeed.com/viewjob?jk=ae25a55f5e04848d,https://anthemproperties.bamboohr.com/careers/448?source=indeed&src=indeed&postedDate=2026-04-21,indeed,Portfolio Manager,trading_investment,False,Real Estate,fulltime
"Senior Accountant, Fund Management",,"Vancouver, BC, CA",N/A,,,,CAD,,Apply on Company Site,2026-04-21,https://ca.indeed.com/viewjob?jk=cb7cd192b4fe58d1,https://ats.rippling.com/nestogroup/jobs/0a0e8175-c892-445b-ad76-071f36334350?jobSite=Indeed,indeed,Portfolio Manager,trading_investment,False,,fulltime
"Senior Accountant, Fund Management",,"Vancouver, BC, CA",N/A,,,,CAD,,Apply on Company Site,2026-04-21,https://ca.indeed.com/viewjob?jk=5db3f267ee5158db,https://ats.rippling.com/cmls/jobs/cfb40c79-369a-4dbd-9167-1c25a9bc39ef?jobSite=Indeed,indeed,Portfolio Manager,trading_investment,False,,fulltime
Account Manager II - Commercial Drive,,"Vancouver, BC, CA",N/A,,,,CAD,,Apply on Company Site,2026-04-21,https://ca.indeed.com/viewjob?jk=08fa50102ae66bbc,https://recruiting.ultipro.com/VAN5000VCSCU/JobBoard/a46cbdaa-ca2c-49b6-8d2b-e0ceaafa0e25/OpportunityDetail?opportunityId=f4bb69a7-d758-4584-85dc-1a89a05d8025&postingId=2cf4adce-3518-4063-a5e1-407d2d7bd844,indeed,Portfolio Manager,trading_investment,False,,
Transfers Administrator,,"Vancouver, BC, CA",N/A,,,,CAD,,Apply on Company Site,2026-04-21,https://ca.indeed.com/viewjob?jk=91686aa038018c40,https://apply.workable.com/j/4873B6A258,indeed,Portfolio Manager,trading_investment,False,,fulltime
Program Resource Centre Coordinator,,"Vancouver, BC, CA",N/A,,,,CAD,,Apply on Company Site,2026-04-21,https://ca.indeed.com/viewjob?jk=f9c70c1bb7814e85,https://ubc.wd10.myworkdayjobs.com/en-US/ubcstaffjobs/job/UBC-Vancouver-Campus---Vancouver-BC-Canada/Program-Resource-Centre-Coordinator_JR24244,indeed,Portfolio Manager,trading_investment,False,Education And Schools,fulltime
Program Resource Centre Coordinator,,"Vancouver, BC, CA",N/A,,,,CAD,,Apply on Company Site,2026-04-21,https://ca.indeed.com/viewjob?jk=f428e8228aca2f4f,https://ubc.wd10.myworkdayjobs.com/en-US/ubcstaffjobs/job/UBC-Vancouver-Campus---Vancouver-BC-Canada/Program-Resource-Centre-Coordinator_JR24244,indeed,Portfolio Manager,trading_investment,False,Education And Schools,fulltime
Financial Services Associate,,"Vancouver, BC, CA",N/A,,,,CAD,,Apply on Company Site,2026-04-21,https://ca.indeed.com/viewjob?jk=765a79d73b8f405d,https://cibc.wd3.myworkdayjobs.com/en-US/search/job/Vancouver-BC/Financial-Services-Associate_2608868,indeed,Investment Associate,trading_investment,False,,fulltime
Registered Plans Associate - 12 Month Contract,,"Vancouver, BC, CA",N/A,,,,CAD,,Apply on Company Site,2026-04-21,https://ca.indeed.com/viewjob?jk=9e0605575b667ab8,https://raymondjames.taleo.net/careersection/1_ca/jobdetail.ftl?job=2600306&tz=GMT-05%3A00&tzname=America%2FChicago,indeed,Investment Associate,trading_investment,False,Banks And Financial Services,"temporary, fulltime"
"Manager, Raymond James Canada Foundation (RJCF)",,"Vancouver, BC, CA",N/A,,,,CAD,,Apply on Company Site,2026-04-21,https://ca.indeed.com/viewjob?jk=e592ad97b5e3e030,https://raymondjames.taleo.net/careersection/1_ca/jobdetail.ftl?job=2600282&tz=GMT-05%3A00&tzname=America%2FChicago,indeed,Investment Associate,trading_investment,True,Banks And Financial Services,fulltime
Estate Planning Associate,,"Vancouver, BC, CA",N/A,,,,CAD,,Apply on Company Site,2026-04-21,https://ca.indeed.com/viewjob?jk=876e9ed193c0728b,https://jsv3.recruitics.com/redirect?rx_cid=3618&rx_jobId=R-0000166052&rx_url=https%3A%2F%2Fjobs.rbc.com%2Fca%2Fen%2Fjob%2FR-0000166052%3Frx_a%3D0%26rx_c%3D%26rx_ch%3Djobp4p%26rx_group%3D300081%26rx_id%3Dfa712804-3d9f-11f1-91d7-e3f3e7fede3f%26rx_job%3DR-0000166052%26rx_medium%3Dcpc%26rx_r%3Dnone%26rx_source%3Dindeed%26rx_ts%3D20260423T160426Z%26rx_vp%3Dcpc%26source%3DAPPLICANT_SOURCE_INDEEDORGANIC%26utm_medium%3Dcpc%26utm_source%3Dindeedorganic,indeed,Investment Associate,trading_investment,False,,fulltime
"Senior Associate, Social Impact",,"Vancouver, BC, CA",N/A,,,,CAD,,Apply on Company Site,2026-04-21,https://ca.indeed.com/viewjob?jk=a48455b3c2478450,http://ca.indeed.com/job/senior-associate-social-impact-a48455b3c2478450,indeed,Investment Associate,trading_investment,True,,fulltime
"2026 Wealth Management, Fall Finance Analyst (4-16 months)",,"Vancouver, BC, CA",N/A,,,,CAD,,Apply on Company Site,2026-04-20,https://ca.indeed.com/viewjob?jk=3913c062cac13ca3,https://jsv3.recruitics.com/redirect?rx_cid=3618&rx_jobId=R-0000168557_1001&rx_url=https%3A%2F%2Fjobs.rbc.com%2Fca%2Fen%2Fjob%2FR-0000168557%3Frx_a%3D0%26rx_c%3D%26rx_ch%3Djobp4p%26rx_group%3D300081%26rx_id%3D3c5562e3-3cd7-11f1-863b-61158a94f702%26rx_job%3DR-0000168557_1001%26rx_medium%3Dcpc%26rx_r%3Dnone%26rx_source%3Dindeed%26rx_ts%3D20260423T160426Z%26rx_vp%3Dcpc%26source%3DAPPLICANT_SOURCE_INDEEDORGANIC%26utm_medium%3Dcpc%26utm_source%3Dindeedorganic,indeed,Financial Analyst,finance_analyst,False,,fulltime
Trade Spend & Deductions Analyst,,"Richmond, BC, CA",N/A,,,,CAD,,Apply on Company Site,2026-04-20,https://ca.indeed.com/viewjob?jk=bbd0959d25db0697,https://recruiting.ultipro.ca/NAT5000NATUR/JobBoard/f32a4823-7a4a-4dae-bbf4-126440439ae1/OpportunityDetail?opportunityId=6f76dda2-89b3-43d8-a073-c4d2ece91748&postingId=0a4d1bdc-84af-4558-ac4c-dd6953e4b959,indeed,Financial Analyst,finance_analyst,False,,
Part-time Bilingual Account Application Processing Analyst: Chinese/English,,"Vancouver, BC, CA",N/A,,,,CAD,,Apply on Company Site,2026-04-20,https://ca.indeed.com/viewjob?jk=584ab951663950f6,https://grnh.se/uqzvtmx52us,indeed,Investment Analyst,finance_analyst,True,Banks And Financial Services,"parttime, fulltime"
SENIOR ACCOUNTANT – TEMPORARY POSITION,,"Vancouver, BC, CA",N/A,,,,CAD,,Apply on Company Site,2026-04-20,https://ca.indeed.com/viewjob?jk=291beb8cd0b5f03f,https://stranddev.bamboohr.com/careers/81?source=indeed&src=indeed&postedDate=2026-04-20,indeed,Investment Analyst,finance_analyst,False,,contract
Senior Development Analyst,,"Vancouver, BC, CA",N/A,,,,CAD,,Apply on Company Site,2026-04-20,https://ca.indeed.com/viewjob?jk=becb80e993e38ed8,https://jobs.dayforcehcm.com/en-US/gwlra/CANDIDATEPORTAL/jobs/3169,indeed,Investment Analyst,finance_analyst,False,Real Estate,fulltime
"2026 Wealth Management, Fall Technology/Developer (4-16 months)",,"Vancouver, BC, CA",N/A,,,,CAD,,Apply on Company Site,2026-04-20,https://ca.indeed.com/viewjob?jk=309d6bc132b5c461,https://jsv3.recruitics.com/redirect?rx_cid=3618&rx_jobId=R-0000168550_1001&rx_url=https%3A%2F%2Fjobs.rbc.com%2Fca%2Fen%2Fjob%2FR-0000168550%3Frx_a%3D0%26rx_c%3D%26rx_ch%3Djobp4p%26rx_group%3D300081%26rx_id%3D38551031-3cd7-11f1-863b-dbfbd4f428c9%26rx_job%3DR-0000168550_1001%26rx_medium%3Dcpc%26rx_r%3Dnone%26rx_source%3Dindeed%26rx_ts%3D20260423T160426Z%26rx_vp%3Dcpc%26source%3DAPPLICANT_SOURCE_INDEEDORGANIC%26utm_medium%3Dcpc%26utm_source%3Dindeedorganic,indeed,Investment Analyst,finance_analyst,False,,fulltime
"2026 Wealth Management, Fall Data Analyst (4-16 months)",,"Vancouver, BC, CA",N/A,,,,CAD,,Apply on Company Site,2026-04-20,https://ca.indeed.com/viewjob?jk=1c3d45c52595a252,https://jsv3.recruitics.com/redirect?rx_cid=3618&rx_jobId=R-0000168559_1001&rx_url=https%3A%2F%2Fjobs.rbc.com%2Fca%2Fen%2Fjob%2FR-0000168559%3Frx_a%3D0%26rx_c%3D%26rx_ch%3Djobp4p%26rx_group%3D300081%26rx_id%3D3c394f6f-3cd7-11f1-863b-fb5769fe2bb3%26rx_job%3DR-0000168559_1001%26rx_medium%3Dcpc%26rx_r%3Dnone%26rx_source%3Dindeed%26rx_ts%3D20260423T160426Z%26rx_vp%3Dcpc%26source%3DAPPLICANT_SOURCE_INDEEDORGANIC%26utm_medium%3Dcpc%26utm_source%3Dindeedorganic,indeed,Investment Analyst,finance_analyst,False,,fulltime
"2026 Wealth Management, Fall Business Analyst (4-16 months)",,"Vancouver, BC, CA",N/A,,,,CAD,,Apply on Company Site,2026-04-20,https://ca.indeed.com/viewjob?jk=07626c82db603923,https://jsv3.recruitics.com/redirect?rx_cid=3618&rx_jobId=R-0000168563_1001&rx_url=https%3A%2F%2Fjobs.rbc.com%2Fca%2Fen%2Fjob%2FR-0000168563%3Frx_a%3D0%26rx_c%3D%26rx_ch%3Djobp4p%26rx_group%3D300081%26rx_id%3D3d0021d5-3cd7-11f1-863b-27dbbc7c1dc0%26rx_job%3DR-0000168563_1001%26rx_medium%3Dcpc%26rx_r%3Dnone%26rx_source%3Dindeed%26rx_ts%3D20260423T160426Z%26rx_vp%3Dcpc%26source%3DAPPLICANT_SOURCE_INDEEDORGANIC%26utm_medium%3Dcpc%26utm_source%3Dindeedorganic,indeed,Investment Analyst,finance_analyst,False,,fulltime
"2026 Fall Student Opportunities RBC Borealis - Machine Learning Software Engineer, 4-8 Months",,"Vancouver, BC, CA",N/A,,,,CAD,,Apply on Company Site,2026-04-20,https://ca.indeed.com/viewjob?jk=464b89c3ccff0270,https://jsv3.recruitics.com/redirect?rx_cid=3618&rx_jobId=R-0000168679_1001&rx_url=https%3A%2F%2Fjobs.rbc.com%2Fca%2Fen%2Fjob%2FR-0000168679%3Frx_a%3D0%26rx_c%3D%26rx_ch%3Djobp4p%26rx_group%3D300081%26rx_id%3Dcfa57964-3de1-11f1-9cd7-4b258060e45d%26rx_job%3DR-0000168679_1001%26rx_medium%3Dcpc%26rx_r%3Dnone%26rx_source%3Dindeed%26rx_ts%3D20260423T160426Z%26rx_vp%3Dcpc%26source%3DAPPLICANT_SOURCE_INDEEDORGANIC%26utm_medium%3Dcpc%26utm_source%3Dindeedorganic,indeed,Data Scientist,data_science,False,,fulltime
Principal Software Engineer,,"Vancouver, BC, CA",N/A,,,,CAD,,Apply on Company Site,2026-04-20,https://ca.indeed.com/viewjob?jk=4ef557a31b48a43b,https://apply.careers.microsoft.com/careers/job/1970393556860603?utm_source=indeed&domain=microsoft.com,indeed,Machine Learning Engineer,data_science,False,Internet And Software,fulltime
UI/UX Designer,,"Vancouver, BC, CA",N/A,,,,CAD,,Apply on Company Site,2026-04-20,https://ca.indeed.com/viewjob?jk=aad8c50a7ee13c10,https://grnh.se/m1q9zl2z9us,indeed,Machine Learning Engineer,data_science,False,,
Customer Success Manager,,"Vancouver, BC, CA",N/A,,,,CAD,,Apply on Company Site,2026-04-20,https://ca.indeed.com/viewjob?jk=0cf1a293296cf732,https://grnh.se/azo3pk6q8us,indeed,Machine Learning Engineer,data_science,True,,
Senior Python Software Engineer,,"Vancouver, BC, CA",N/A,,,,CAD,,Apply on Company Site,2026-04-20,https://ca.indeed.com/viewjob?jk=a392b87ba691a02b,https://grnh.se/gluopg1b7us,indeed,Machine Learning Engineer,data_science,False,,
Clinical Research Assistant,,"Vancouver, BC, CA",N/A,,,,CAD,,Apply on Company Site,2026-04-20,https://ca.indeed.com/viewjob?jk=12ffad64c5074d16,https://ubc.wd10.myworkdayjobs.com/en-US/ubcstaffjobs/job/UBC-Hospital-Site---Vancouver-BC-Canada/Clinical-Research-Assistant_JR24224,indeed,Research Scientist,data_science,False,Education And Schools,parttime
Forest/Landscape Ecologist / Écologiste des forêts et du paysage,,"Vancouver, BC, CA",N/A,,,,CAD,,Apply on Company Site,2026-04-20,https://ca.indeed.com/viewjob?jk=1b8ea264f209d235,https://jobs.smartrecruiters.com/DavidSuzukiFoundation/744000121881773-forest-landscape-ecologist-ecologiste-des-forets-et-du-paysage,indeed,Research Scientist,data_science,True,,fulltime
Marketing Operations Specialist,,"Burnaby, BC, CA",N/A,,,,CAD,,Apply on Company Site,2026-04-20,https://ca.indeed.com/viewjob?jk=288275810bdb87df,https://jobs.stemcell.com/job/burnaby/marketing-operations-specialist/8172/94185698480,indeed,Research Scientist,data_science,False,,
Sr. Associate Software Development Engineer - Big Data Services,,"Vancouver, BC, CA",N/A,,,,CAD,,Apply on Company Site,2026-04-20,https://ca.indeed.com/viewjob?jk=f32a893c95cb009e,https://workday.wd5.myworkdayjobs.com/en-US/Workday/job/Canada-BC-Vancouver/Software-Development-Engineer---Big-Data-Services_JR-0105963,indeed,Analytics Engineer,data_science,True,,fulltime
Senior Data Product Analyst (1-Year Contract),,"Vancouver, BC, CA",N/A,,,,CAD,,Apply on Company Site,2026-04-20,https://ca.indeed.com/viewjob?jk=98c2a8017f37d294,https://careers.bcfsa.ca/job/Vancouver-Senior-Data-Product-Analyst-%281-Year-Contract%29-Brit-V6C-2T8/601721117/,indeed,Analytics Engineer,data_science,False,,"fulltime, contract"
Senior Business Intelligence Engineer,,"Vancouver, BC, CA",N/A,,,,CAD,,Apply on Company Site,2026-04-20,https://ca.indeed.com/viewjob?jk=54351164de345be5,https://jobs.ashbyhq.com/jobber/ab2d5b70-33a8-40ef-b16a-d3442ac8ba48?utm_source=Kbg0b96zDY,indeed,Analytics Engineer,data_science,False,,fulltime
Product Reliability Engineer (Analytics),,"Vancouver, BC, CA",N/A,,,,CAD,,Apply on Company Site,2026-04-20,https://ca.indeed.com/viewjob?jk=98788f359d75c3b5,https://jobs.lever.co/minesense/3853d45a-51df-44cb-ba90-bbfc7b5004c6?lever-source=Indeed,indeed,Analytics Engineer,data_science,False,,fulltime
"MANAGER, FINANCE",,"Vancouver, BC, CA",N/A,,,,CAD,,Apply on Company Site,2026-04-20,https://ca.indeed.com/viewjob?jk=c492889087594d06,https://stranddev.bamboohr.com/careers/80?source=indeed&src=indeed&postedDate=2026-04-20,indeed,CFA Investment,credentials,False,,fulltime
Research Assistant/Technician 4,,"Vancouver, BC, CA",N/A,,,,CAD,,Apply on Company Site,2026-04-20,https://ca.indeed.com/viewjob?jk=dc7b5d8b66c87095,https://ubc.wd10.myworkdayjobs.com/en-US/ubcstaffjobs/job/UBC-Vancouver-Campus---Vancouver-BC-Canada/Research-Assistant-Technician-4_JR24241,indeed,PhD Research,credentials,False,Education And Schools,fulltime
Research Assistant/Technician 4,,"Vancouver, BC, CA",N/A,,,,CAD,,Apply on Company Site,2026-04-20,https://ca.indeed.com/viewjob?jk=c3c7c52831fe526e,https://ubc.wd10.myworkdayjobs.com/en-US/ubcstaffjobs/job/UBC-Vancouver-Campus---Vancouver-BC-Canada/Research-Assistant-Technician-4_JR24241,indeed,PhD Research,credentials,False,Education And Schools,fulltime
Revenue Operations Manager,,"Vancouver, BC, CA",N/A,,,,CAD,,Apply on Company Site,2026-04-20,https://ca.indeed.com/viewjob?jk=8832a76940b0e07a,https://grnh.se/laikbel59us,indeed,Investment Management,credentials,False,,
Medical Director,,"Vancouver, BC, CA",N/A,,,,CAD,,Apply on Company Site,2026-04-20,https://ca.indeed.com/viewjob?jk=397b21978d378d84,https://grnh.se/fcrwa1wj7us,indeed,Investment Management,credentials,False,,
"Staff Software Engineer, API",,"Vancouver, BC, CA",N/A,,,,CAD,,Apply on Company Site,2026-04-20,https://ca.indeed.com/viewjob?jk=655ba7160f6ac547,https://grnh.se/h41ha4i51us,indeed,Investment Management,credentials,True,,
Business Development Manager (Retail Distribution),,"Vancouver, BC, CA",N/A,,,,CAD,,Apply on Company Site,2026-04-20,https://ca.indeed.com/viewjob?jk=c6eda7cb672803e5,https://agf.wd3.myworkdayjobs.com/en-US/AGF_Careers/job/Vancouver-BC/Business-Development-Manager--Retail-Distribution-_R11289-3,indeed,President,c_suite,False,Banks And Financial Services,fulltime
Commercial Account Manager,,"Vancouver, BC, CA",N/A,,,,CAD,,Apply on Company Site,2026-04-20,https://ca.indeed.com/viewjob?jk=226a7d0d0d9ce104,https://jobs.lever.co/sophos/cd592eb2-1a80-4b08-bd26-3719ba1ea2f2,indeed,Portfolio Manager,trading_investment,True,Internet And Software,
"Senior Manager, Audit and Accounting Products",,"Vancouver, BC, CA",N/A,,,,CAD,,Apply on Company Site,2026-04-20,https://ca.indeed.com/viewjob?jk=55a4691ee210425c,https://workforcenow.adp.com/mascsr/default/mdf/recruitment/recruitment.html?cid=03d17469-46f9-48c2-bd2a-739978a770c0&ccId=19000101_000001&jobId=553643&source=IN&lang=en_CA,indeed,Portfolio Manager,trading_investment,True,Organization,fulltime
Account Manager,,"Vancouver, BC, CA",N/A,,,,CAD,,Apply on Company Site,2026-04-20,https://ca.indeed.com/viewjob?jk=4ea9d63f2ff5db1c,https://jobs.ashbyhq.com/pergolux/f9726401-8a3d-424d-b0e3-ba4bc1a5d092,indeed,Portfolio Manager,trading_investment,True,,fulltime
Personal Banker Trainee - Cantonese or Mandarin Language Skills an Asset,,"Vancouver, BC, CA",N/A,,,,CAD,,Apply on Company Site,2026-04-20,https://ca.indeed.com/viewjob?jk=35821d4fc2a0d206,https://td.wd3.myworkdayjobs.com/en-US/TD_Bank_Careers/job/Vancouver-British-Columbia/Personal-Banker-Trainee---Cantonese-or-Mandarin-Language-Skills-an-Asset_R_1484559-1,indeed,Portfolio Manager,trading_investment,False,,fulltime
Personal Banker,,"Vancouver, BC, CA",N/A,,,,CAD,,Apply on Company Site,2026-04-20,https://ca.indeed.com/viewjob?jk=4a6d06bd89eaf33f,https://bmo.wd3.myworkdayjobs.com/en-CA/External/job/Vancouver-BC-CAN/Personal-Banker_R260011267-1,indeed,Portfolio Manager,trading_investment,False,,fulltime
Personal Banker,,"Burnaby, BC, CA",N/A,,,,CAD,,Apply on Company Site,2026-04-20,https://ca.indeed.com/viewjob?jk=0e39eb4387efa38c,https://bmo.wd3.myworkdayjobs.com/en-CA/External/job/Burnaby-BC-CAN/Personal-Banker_R260011936,indeed,Portfolio Manager,trading_investment,False,,fulltime
Customer Experience Associate - Burnaby North (18.75 hours/weekly),,"Burnaby, BC, CA",N/A,,,,CAD,,Apply on Company Site,2026-04-20,https://ca.indeed.com/viewjob?jk=626858662d2661fc,https://jobs.scotiabank.com/job/Burnaby-Customer-Experience-Associate-Burnaby-North-%2818_75-hoursweekly%29-BC-V5B1S6/601718117/,indeed,Investment Associate,trading_investment,False,,
Compliance Intern,,"Vancouver, BC, CA",N/A,,,,CAD,,Apply on Company Site,2026-04-20,https://ca.indeed.com/viewjob?jk=75cb3ef73a180970,https://raymondjames.taleo.net/careersection/1_ca/jobdetail.ftl?job=2600292&tz=GMT-05%3A00&tzname=America%2FChicago,indeed,Investment Associate,trading_investment,False,Banks And Financial Services,fulltime
"2026 Wealth Management, Fall Administrative Assistant (4-16 months)",,"Vancouver, BC, CA",N/A,,,,CAD,,Apply on Company Site,2026-04-20,https://ca.indeed.com/viewjob?jk=41ad503b1f482318,https://jsv3.recruitics.com/redirect?rx_cid=3618&rx_jobId=R-0000168567&rx_url=https%3A%2F%2Fjobs.rbc.com%2Fca%2Fen%2Fjob%2FR-0000168567%3Frx_a%3D0%26rx_c%3D%26rx_ch%3Djobp4p%26rx_group%3D300081%26rx_id%3D3ceb3a83-3cd7-11f1-863b-41191942f74f%26rx_job%3DR-0000168567%26rx_medium%3Dcpc%26rx_r%3Dnone%26rx_source%3Dindeed%26rx_ts%3D20260423T160426Z%26rx_vp%3Dcpc%26source%3DAPPLICANT_SOURCE_INDEEDORGANIC%26utm_medium%3Dcpc%26utm_source%3Dindeedorganic,indeed,Investment Associate,trading_investment,False,,fulltime
"2026 Wealth Management, Fall Administrative Assistant (4-16 months)",,"Vancouver, BC, CA",N/A,,,,CAD,,Apply on Company Site,2026-04-20,https://ca.indeed.com/viewjob?jk=89bf5cacfa0ba68b,https://jsv3.recruitics.com/redirect?rx_cid=3618&rx_jobId=R-0000168567_1002&rx_url=https%3A%2F%2Fjobs.rbc.com%2Fca%2Fen%2Fjob%2FR-0000168567%3Frx_a%3D0%26rx_c%3D%26rx_ch%3Djobp4p%26rx_group%3D300081%26rx_id%3D89aed560-3e78-11f1-b2b7-8905b80adbae%26rx_job%3DR-0000168567_1002%26rx_medium%3Dcpc%26rx_r%3Dnone%26rx_source%3Dindeed%26rx_ts%3D20260423T160426Z%26rx_vp%3Dcpc%26source%3DAPPLICANT_SOURCE_INDEEDORGANIC%26utm_medium%3Dcpc%26utm_source%3Dindeedorganic,indeed,Investment Associate,trading_investment,False,,fulltime
Customer Experience Associate,,"New Westminster, BC, CA",N/A,,,,CAD,,Apply on Company Site,2026-04-20,https://ca.indeed.com/viewjob?jk=cd3539e05c98fb22,https://td.wd3.myworkdayjobs.com/en-US/TD_Bank_Careers/job/New-Westminster-British-Columbia/Customer-Experience-Associate_R_1483713,indeed,Investment Associate,trading_investment,False,,parttime
